Base State,Target State,Backbone,Epochs,CFCBK,FCBK,Zigzag,Weighted mAP@50,mAP@50:95,mAP@50,mAP@75,CA mAP@50:95,CA mAP@50,CA mAP@75
Train Bihar,Test Bihar,swint,50,0.016502,0.026997,0.600041,0.534023,0.074554,0.214513,0.023754,0.219375,0.632120,0.068042
Train Haryana,Test Bihar,swint,50,0.000000,0.002748,0.534120,0.472964,0.064248,0.178956,0.024980,0.204531,0.575262,0.077280
Train m0,Test m0,swint,50,0.136510,0.354492,0.625601,0.531033,0.116576,0.372201,0.043842,0.200259,0.691498,0.034669
Train SwinIR Bihar,Test SwinIR Bihar,swint,50,0.174917,0.033281,0.730566,0.651601,0.176001,0.312921,0.185605,0.447003,0.769618,0.476425
Train SwinIR Haryana,Test SwinIR Bihar,swint,50,0.000593,0.006664,0.519855,0.460762,0.070364,0.175704,0.042574,0.213640,0.540985,0.126694
